{"indices": [0, 1, 2, 3, 4, 5, 6, 7, 8, 9, 10, 11, 12, 13, 14, 15, 16, 17, 0, 18, 1, 3, 19, 4, 6, 20, 7, 9, 21, 10, 12, 22, 13, 15, 23, 16], "vertices": [1.0, -1.0, 1.0, -1.0, -1.0, -1.0, 1.0, -1.0, -1.0, -1.0, 1.0, -1.0, 0.999999, 1.0, 1.000001, 1.0, 1.0, -0.999999, 1.0, 1.0, -0.999999, 1.0, -1.0, 1.0, 1.0, -1.0, -1.0, 0.999999, 1.0, 1.000001, -1.0, -1.0, 1.0, 1.0, -1.0, 1.0, -1.0, -1.0, 1.0, -1.0, 1.0, -1.0, -1.0, -1.0, -1.0, 1.0, -1.0, -1.0, -1.0, 1.0, -1.0, 1.0, 1.0, -0.999999, -1.0, -1.0, 1.0, -1.0, 1.0, 1.0, 0.999999, 1.0, 1.000001, -1.0, 1.0, 1.0, -1.0, 1.0, 1.0, -1.0, -1.0, -1.0], "normals": [0.0, -1.0, 0.0, 0.0, -1.0, 0.0, 0.0, -1.0, 0.0, 0.0, 1.0, 0.0, 0.0, 1.0, 0.0, 0.0, 1.0, 0.0, 1.0, -0.0, 0.0, 1.0, -0.0, 0.0, 1.0, -0.0, 0.0, 0.0, -0.0, 1.0, 0.0, -0.0, 1.0, 0.0, -0.0, 1.0, -1.0, -0.0, -0.0, -1.0, -0.0, -0.0, -1.0, -0.0, -0.0, 0.0, 0.0, -1.0, 0.0, 0.0, -1.0, 0.0, 0.0, -1.0, 0.0, -1.0, 0.0, 0.0, 1.0, 0.0, 1.0, -0.0, 0.0, 0.0, -0.0, 1.0, -1.0, -0.0, -0.0, 0.0, 0.0, -1.0], "uvs": [0.0, -1.0, -1.0, 0.0, 0.0, 0.0, -1.0, 1.0, -0.0, -0.0, 0.0, 1.0, 0.0, 1.0, -1.0, 0.0, 0.0, 0.0, -0.0, 1.0, -1.0, 0.0, 0.0, 0.0, 0.0, 0.0, 1.0, 1.0, 1.0, 0.0, 0.0, -1.0, -1.0, 0.0, 0.0, 0.0, -1.0, -1.0, -1.0, 0.0, -1.0, 1.0, -1.0, 1.0, 0.0, 1.0, -1.0, -1.0], "aabb_min": [-1.0, -1.0, -1.0], "aabb_max": [1.0, 1.0, 1.0000009536743164], "center": [0.0, 0.0, 4.76837158203125e-07], "max_distance": 1.0000004768371582}